{"leftEye":{"bottom":8.002165344587086,"left":0.2576852403353317,"top":8.404836768491075,"right":0.7331802196262132},"rightEye":{"bottom":8.002165344587086,"left":-0.2576852403353317,"top":8.404836768491075,"right":-0.7331802196262132}}