{"leftEye":{"bottom":5.332237744458106,"left":0.2920293360129704,"top":5.584879679955902,"right":0.7577200678633862},"rightEye":{"bottom":5.332237744458106,"left":-0.2920293360129704,"top":5.584879679955902,"right":-0.7577200678633862}}