{"leftEye":{"bottom":4.312540795083466,"left":0.30394658186310936,"top":4.73923377333976,"right":0.7822396412108622},"rightEye":{"bottom":4.312540795083466,"left":-0.30394658186310936,"top":4.73923377333976,"right":-0.7822396412108622}}